id,started_at,ip_address,user_agent
41dacd10-efdc-4a7a-be29-d3abc02b1b95,2025-11-10T13:31:21.252738,183.42.224.168,"Mozilla/5.0 (Linux; Android 14; 23046PNC9C Build/UP1A.231005.007; wv) AppleWebKit/537.36 (KHTML, like Gecko) Version/4.0 Chrome/138.0.7204.180 Mobile Safari/537.36 XWEB/1380283 MMWEBSDK/20250503 MMWEBID/5061 MicroMessenger/8.0.61.2880(0x28003D5B) WeChat/arm64 Weixin NetType/5G Language/zh_CN ABI/arm64"
3de4df7c-76ce-4cb1-9450-07dea2d13046,2025-11-10T13:33:51.422024,210.39.1.226,"Mozilla/5.0 (Windows NT 10.0; Win64; x64) AppleWebKit/537.36 (KHTML, like Gecko) Chrome/141.0.0.0 Safari/537.36 Edg/141.0.0.0"
4177ede0-83eb-40ac-956a-207a727b0e61,2025-11-10T13:36:22.340978,119.2.130.100,"Mozilla/5.0 (Linux; U; Android 14; zh-cn; 23046PNC9C Build/UP1A.231005.007) AppleWebKit/537.36 (KHTML, like Gecko) Chrome/122.0.6261.119 Mobile Safari/537.36 XiaoMi/MiuiBrowser/20.2.60828"
767b7c35-049b-4873-a372-1efe14531a1e,2025-11-10T13:36:36.463207,223.74.34.37,"Mozilla/5.0 (Windows NT 10.0; Win64; x64) AppleWebKit/537.36 (KHTML, like Gecko) Chrome/142.0.0.0 Safari/537.36 Edg/142.0.0.0"
1d9fc214-533d-4212-a65b-3c9e55c3d0e5,2025-11-10T13:37:46.422585,119.2.130.100,"Mozilla/5.0 (Linux; Android 14; 23046PNC9C Build/UP1A.231005.007; wv) AppleWebKit/537.36 (KHTML, like Gecko) Version/4.0 Chrome/138.0.7204.180 Mobile Safari/537.36 XWEB/1380283 MMWEBSDK/20250503 MMWEBID/5061 MicroMessenger/8.0.61.2880(0x28003D5B) WeChat/arm64 Weixin NetType/WIFI Language/zh_CN ABI/arm64"
778850eb-b099-4fc2-984d-1efa6b852c6f,2025-11-10T13:38:28.788413,119.2.130.100,"Mozilla/5.0 (Linux; Android 14; 23046PNC9C Build/UP1A.231005.007; wv) AppleWebKit/537.36 (KHTML, like Gecko) Version/4.0 Chrome/138.0.7204.180 Mobile Safari/537.36 XWEB/1380283 MMWEBSDK/20250503 MMWEBID/5061 MicroMessenger/8.0.61.2880(0x28003D5B) WeChat/arm64 Weixin NetType/WIFI Language/zh_CN ABI/arm64"
e36ca3d6-d4be-42b9-ba79-afe4bafb3e44,2025-11-10T13:39:12.745099,116.30.151.85,"Mozilla/5.0 (iPhone; CPU iPhone OS 18_7 like Mac OS X) AppleWebKit/605.1.15 (KHTML, like Gecko) Mobile/15E148 MicroMessenger/8.0.64(0x18004034) NetType/WIFI Language/en"
0e3019e9-3f11-45ff-8539-ee48d7c71c5e,2025-11-10T13:39:13.642453,116.30.151.85,"Mozilla/5.0 (iPhone; CPU iPhone OS 18_6_2 like Mac OS X) AppleWebKit/605.1.15 (KHTML, like Gecko) Mobile/15E148 MicroMessenger/8.0.64(0x18004034) NetType/WIFI Language/zh_CN"
11873c4e-3307-413e-841f-55aa623a79e4,2025-11-10T13:39:32.970612,113.84.34.173,"Mozilla/5.0 (Linux; Android 12; PFGM00 Build/SP1A.210812.016; wv) AppleWebKit/537.36 (KHTML, like Gecko) Version/4.0 Chrome/138.0.7204.180 Mobile Safari/537.36 XWEB/1380283 MMWEBSDK/20250802 MMWEBID/8382 MicroMessenger/8.0.62.2900(0x28003E5A) WeChat/arm64 Weixin NetType/5G Language/zh_CN ABI/arm64"
a6cf4628-c657-4c93-a6f0-1b173af96b4c,2025-11-10T13:39:59.020260,113.84.34.173,"Mozilla/5.0 (Linux; Android 12; PFGM00 Build/SP1A.210812.016; wv) AppleWebKit/537.36 (KHTML, like Gecko) Version/4.0 Chrome/138.0.7204.180 Mobile Safari/537.36 XWEB/1380283 MMWEBSDK/20250802 MMWEBID/8382 MicroMessenger/8.0.62.2900(0x28003E5A) WeChat/arm64 Weixin NetType/5G Language/zh_CN ABI/arm64"
7bf4f459-4bb1-4669-8a55-93adb278ce22,2025-11-10T13:40:28.763854,223.74.34.119,"Mozilla/5.0 (Linux; Android 15; PJE110 Build/TP1A.220905.001; wv) AppleWebKit/537.36 (KHTML, like Gecko) Version/4.0 Chrome/138.0.7204.180 Mobile Safari/537.36 XWEB/1380283 MMWEBSDK/20250804 MMWEBID/3838 MicroMessenger/8.0.63.2920(0x28003F3C) WeChat/arm64 Weixin NetType/WIFI Language/zh_CN ABI/arm64"
6d242e58-f3aa-4665-a957-f8f9fc150939,2025-11-10T13:40:30.451742,113.84.34.173,"Mozilla/5.0 (Linux; Android 12; PFGM00 Build/SP1A.210812.016; wv) AppleWebKit/537.36 (KHTML, like Gecko) Version/4.0 Chrome/138.0.7204.180 Mobile Safari/537.36 XWEB/1380283 MMWEBSDK/20250802 MMWEBID/8382 MicroMessenger/8.0.62.2900(0x28003E5A) WeChat/arm64 Weixin NetType/5G Language/zh_CN ABI/arm64"
1657ed0e-eb8d-4c77-897f-5332265dcf0f,2025-11-10T13:40:39.706547,223.74.34.119,"Mozilla/5.0 (Linux; Android 15; PJE110 Build/TP1A.220905.001; wv) AppleWebKit/537.36 (KHTML, like Gecko) Version/4.0 Chrome/138.0.7204.180 Mobile Safari/537.36 XWEB/1380283 MMWEBSDK/20250804 MMWEBID/3838 MicroMessenger/8.0.63.2920(0x28003F3C) WeChat/arm64 Weixin NetType/WIFI Language/zh_CN ABI/arm64"
0f7e6ade-c38f-423c-806c-ea6ce804f5b6,2025-11-10T13:40:47.452543,61.144.197.129,"Mozilla/5.0 (Windows NT 10.0; Win64; x64) AppleWebKit/537.36 (KHTML, like Gecko) Chrome/142.0.0.0 Safari/537.36 Edg/142.0.0.0"
1454eb5e-8d66-487f-a8a6-ad55bcf38198,2025-11-10T13:40:56.664966,116.30.151.85,"Mozilla/5.0 (iPhone; CPU iPhone OS 19_0 like Mac OS X) AppleWebKit/605.1.15 (KHTML, like Gecko) Mobile/15E148 MicroMessenger/8.0.64(0x18004034) NetType/WIFI Language/zh_CN"
a462dcac-a6b9-4f8b-b950-1d2869578d5d,2025-11-10T13:42:42.747290,116.30.151.85,"Mozilla/5.0 (Linux; Android 15; MBH-AN10 Build/HONORMBH-AN10; wv) AppleWebKit/537.36 (KHTML, like Gecko) Version/4.0 Chrome/138.0.7204.180 Safari/537.36 XWEB/1380283 MMWEBSDK/20250904 MMWEBID/1232 MicroMessenger/8.0.65.2940(0x28004137) WeChat/arm64 Weixin NetType/WIFI Language/zh_CN ABI/arm64"
ea35d4fa-c94d-43de-b5ee-0760f805da56,2025-11-10T13:43:15.014205,61.144.197.129,"Mozilla/5.0 (iPhone; CPU iPhone OS 17_6 like Mac OS X) AppleWebKit/605.1.15 (KHTML, like Gecko) Mobile/15E148 MicroMessenger/8.0.64(0x18004034) NetType/WIFI Language/zh_CN"
2295d48f-4481-49f9-a0a2-0e5369d34b26,2025-11-10T13:44:01.879773,223.104.68.97,"Mozilla/5.0 (iPhone; CPU iPhone OS 17_6 like Mac OS X) AppleWebKit/605.1.15 (KHTML, like Gecko) Mobile/15E148 MicroMessenger/8.0.64(0x18004034) NetType/WIFI Language/zh_CN"
515b105a-0bb2-4d04-a586-ef5325b743fb,2025-11-10T13:44:20.902523,61.144.197.129,"Mozilla/5.0 (Windows NT 10.0; Win64; x64) AppleWebKit/537.36 (KHTML, like Gecko) Chrome/142.0.0.0 Safari/537.36 Edg/142.0.0.0"
8bbda167-45fb-45a4-8b1b-67967a9f9117,2025-11-10T13:45:19.275170,112.96.125.5,"Mozilla/5.0 (Linux; Android 14; NTH-AN00 Build/HONORNTH-AN00; wv) AppleWebKit/537.36 (KHTML, like Gecko) Version/4.0 Chrome/138.0.7204.180 Mobile Safari/537.36 XWEB/1380283 MMWEBSDK/20250904 MMWEBID/6127 MicroMessenger/8.0.64.2940(0x28004050) WeChat/arm64 Weixin NetType/5G Language/zh_CN ABI/arm64"
54bc187d-a901-4103-9ef8-5055a1a9abda,2025-11-10T13:45:57.224226,112.96.125.5,"Mozilla/5.0 (Linux; Android 14; NTH-AN00 Build/HONORNTH-AN00; wv) AppleWebKit/537.36 (KHTML, like Gecko) Version/4.0 Chrome/138.0.7204.180 Mobile Safari/537.36 XWEB/1380283 MMWEBSDK/20250904 MMWEBID/6127 MicroMessenger/8.0.64.2940(0x28004050) WeChat/arm64 Weixin NetType/5G Language/zh_CN ABI/arm64"
46f30473-57b6-4519-b004-23f3c960989d,2025-11-10T13:48:25.881190,223.104.72.107,"Mozilla/5.0 (X11; Linux x86_64) AppleWebKit/537.36 (KHTML, like Gecko) Chrome/135.0.7049.79 Safari/537.36 XiaoMi/MiuiBrowser/20.4.141020"
6c4162c2-79f8-489d-86e0-bbb03916cf16,2025-11-10T13:50:44.727123,116.30.151.85,"Mozilla/5.0 (Linux; Android 15; MBH-AN10 Build/HONORMBH-AN10; wv) AppleWebKit/537.36 (KHTML, like Gecko) Version/4.0 Chrome/138.0.7204.180 Safari/537.36 XWEB/1380283 MMWEBSDK/20250904 MMWEBID/1232 MicroMessenger/8.0.65.2940(0x28004137) WeChat/arm64 Weixin NetType/WIFI Language/zh_CN ABI/arm64"
8b342cb8-019e-4102-8555-06c93b4cbf83,2025-11-10T13:51:18.124068,223.74.34.31,"Mozilla/5.0 (iPhone; CPU iPhone OS 18_5 like Mac OS X) AppleWebKit/605.1.15 (KHTML, like Gecko) Mobile/15E148 MicroMessenger/8.0.64(0x18004034) NetType/WIFI Language/zh_CN"
d2bb1f45-319d-47a3-a3c5-62b24ed1a0b7,2025-11-10T13:53:04.083198,119.2.130.100,"Mozilla/5.0 (Linux; Android 14; 23127PN0CC Build/UKQ1.230804.001; wv) AppleWebKit/537.36 (KHTML, like Gecko) Version/4.0 Chrome/138.0.7204.180 Mobile Safari/537.36 XWEB/1380283 MMWEBSDK/20250904 MMWEBID/1167 MicroMessenger/8.0.64.2940(0x28004050) WeChat/arm64 Weixin NetType/WIFI Language/zh_CN ABI/arm64"
05c3acdf-4360-4826-b039-b32d8e6632ba,2025-11-10T13:53:07.228197,106.88.102.41,"Mozilla/5.0 (Linux; Android 16; V2405A Build/BQ2A.250705.001-BP2A.250605.031.A3_V000L1; wv) AppleWebKit/537.36 (KHTML, like Gecko) Version/4.0 Chrome/138.0.7204.180 Mobile Safari/537.36 XWEB/1380283 MMWEBSDK/20250904 MMWEBID/3415 MicroMessenger/8.0.64.2940(0x28004050) WeChat/arm64 Weixin NetType/5G Language/zh_CN ABI/arm64"
c0048479-0686-4a12-a20e-2b762f93622f,2025-11-10T13:54:26.138040,119.2.130.100,"Mozilla/5.0 (iPhone; CPU iPhone OS 18_3_2 like Mac OS X) AppleWebKit/605.1.15 (KHTML, like Gecko) Mobile/15E148 MicroMessenger/8.0.64(0x18004034) NetType/WIFI Language/zh_CN"
734fc359-64cd-4107-bc9b-be0fb7a6cc08,2025-11-10T13:56:36.007686,120.229.205.235,"Mozilla/5.0 (Linux; Android 14; NTH-AN00 Build/HONORNTH-AN00; wv) AppleWebKit/537.36 (KHTML, like Gecko) Version/4.0 Chrome/138.0.7204.180 Mobile Safari/537.36 XWEB/1380283 MMWEBSDK/20250904 MMWEBID/6127 MicroMessenger/8.0.64.2940(0x28004050) WeChat/arm64 Weixin NetType/WIFI Language/zh_CN ABI/arm64"
b2917f1e-2540-4e1d-9edb-2728b4f8b7d6,2025-11-10T13:58:51.533026,183.216.75.59,"Mozilla/5.0 (Windows NT 10.0; Win64; x64) AppleWebKit/537.36 (KHTML, like Gecko) Chrome/142.0.0.0 Safari/537.36 Edg/142.0.0.0"
939677ac-7dbc-486b-9a59-86fa20f16e4a,2025-11-10T13:59:49.363364,183.216.75.30,"Mozilla/5.0 (Linux; Android 16; 25053RT47C Build/BP2A.250605.031.A3; wv) AppleWebKit/537.36 (KHTML, like Gecko) Version/4.0 Chrome/138.0.7204.180 Mobile Safari/537.36 XWEB/1380283 MMWEBSDK/20250904 MMWEBID/3855 MicroMessenger/8.0.64.2940(0x28004050) WeChat/arm64 Weixin NetType/WIFI Language/zh_CN ABI/arm64"
7ab5ea5f-0010-4680-825e-96d275f0f20e,2025-11-10T14:00:02.660764,182.102.72.123,"Mozilla/5.0 (Linux; Android 16; 25053RT47C Build/BP2A.250605.031.A3; wv) AppleWebKit/537.36 (KHTML, like Gecko) Version/4.0 Chrome/138.0.7204.180 Mobile Safari/537.36 XWEB/1380283 MMWEBSDK/20250904 MMWEBID/3855 MicroMessenger/8.0.64.2940(0x28004050) WeChat/arm64 Weixin NetType/WIFI Language/zh_CN ABI/arm64"
dab35481-d0a6-4ffe-a200-f8456563742e,2025-11-10T14:00:33.588678,218.17.40.137,"Mozilla/5.0 (iPhone; CPU iPhone OS 18_7 like Mac OS X) AppleWebKit/605.1.15 (KHTML, like Gecko) Mobile/15E148 MicroMessenger/8.0.64(0x18004034) NetType/WIFI Language/zh_CN"
a0f3ef28-37b7-4466-8763-af558dd9b2a3,2025-11-10T14:02:32.346531,120.229.45.190,"Mozilla/5.0 (iPhone; CPU iPhone OS 18_6_2 like Mac OS X) AppleWebKit/605.1.15 (KHTML, like Gecko) Mobile/15E148 MicroMessenger/8.0.64(0x18004034) NetType/WIFI Language/zh_CN"
e66a6e83-fe39-489f-bd33-628b5cb10302,2025-11-10T14:03:04.982074,120.229.45.190,"Mozilla/5.0 (Linux; Android 12; ABR-AL80 Build/HUAWEIABR-AL80; wv) AppleWebKit/537.36 (KHTML, like Gecko) Version/4.0 Chrome/138.0.7204.180 Mobile Safari/537.36 XWEB/1380283 MMWEBSDK/20250904 MMWEBID/8282 MicroMessenger/8.0.64.2940(0x28004050) WeChat/arm64 Weixin NetType/WIFI Language/zh_CN ABI/arm64"
431e97d7-3fac-4fe9-8133-68aee8c8f71c,2025-11-10T14:03:33.714307,182.102.72.123,"Mozilla/5.0 (Linux; Android 16; 25053RT47C Build/BP2A.250605.031.A3; wv) AppleWebKit/537.36 (KHTML, like Gecko) Version/4.0 Chrome/138.0.7204.180 Mobile Safari/537.36 XWEB/1380283 MMWEBSDK/20250904 MMWEBID/3855 MicroMessenger/8.0.64.2940(0x28004050) WeChat/arm64 Weixin NetType/5G Language/zh_CN ABI/arm64"
74ea9574-7e4d-479b-8d67-919c3ab97ea4,2025-11-10T14:06:40.385389,183.216.75.16,"Mozilla/5.0 (Linux; Android 16; 25053RT47C Build/BP2A.250605.031.A3; wv) AppleWebKit/537.36 (KHTML, like Gecko) Version/4.0 Chrome/138.0.7204.180 Mobile Safari/537.36 XWEB/1380283 MMWEBSDK/20250904 MMWEBID/3855 MicroMessenger/8.0.64.2940(0x28004050) WeChat/arm64 Weixin NetType/5G Language/zh_CN ABI/arm64"
bab009e0-3a60-40ec-a44f-e4e32ca65d62,2025-11-10T14:07:51.807591,120.229.45.190,"Mozilla/5.0 (iPhone; CPU iPhone OS 18_6_2 like Mac OS X) AppleWebKit/605.1.15 (KHTML, like Gecko) Mobile/15E148 MicroMessenger/8.0.64(0x18004034) NetType/WIFI Language/zh_CN"
bcd7e80d-0cb9-48ba-92df-459c2e261520,2025-11-10T14:08:53.865501,39.176.140.251,"Mozilla/5.0 (iPhone; CPU iPhone OS 17_5_1 like Mac OS X) AppleWebKit/605.1.15 (KHTML, like Gecko) Version/17.5 Mobile/15E148 Safari/604.1"
b29e0e3a-b89e-4a6a-bb6b-1199f8d4f9b1,2025-11-10T14:10:08.201281,182.102.41.22,"Mozilla/5.0 (iPhone; CPU iPhone OS 18_7_1 like Mac OS X) AppleWebKit/605.1.15 (KHTML, like Gecko) Mobile/15E148 MicroMessenger/8.0.64(0x18004034) NetType/4G Language/zh_CN"
d7f92dbb-7959-4f12-9a29-99d93deb6b27,2025-11-10T14:10:32.564352,182.102.41.22,"Mozilla/5.0 (iPhone; CPU iPhone OS 18_7_1 like Mac OS X) AppleWebKit/605.1.15 (KHTML, like Gecko) Mobile/15E148 MicroMessenger/8.0.64(0x18004034) NetType/4G Language/zh_CN"
8ed65ec1-6a7b-41d4-b749-57eed063038f,2025-11-10T14:11:40.275402,116.30.151.85,"Mozilla/5.0 (Linux; Android 15; MBH-AN10 Build/HONORMBH-AN10; wv) AppleWebKit/537.36 (KHTML, like Gecko) Version/4.0 Chrome/138.0.7204.180 Safari/537.36 XWEB/1380283 MMWEBSDK/20250904 MMWEBID/1232 MicroMessenger/8.0.65.2940(0x28004137) WeChat/arm64 Weixin NetType/WIFI Language/zh_CN ABI/arm64"
96039a73-2cac-4e4d-a02c-a90eaf36c0d0,2025-11-10T14:15:36.819236,210.39.1.86,"Mozilla/5.0 (Windows NT 10.0; Win64; x64) AppleWebKit/537.36 (KHTML, like Gecko) Chrome/132.0.0.0 Safari/537.36 NetType/WIFI MicroMessenger/7.0.20.1781(0x6700143B) WindowsWechat(0x63090a13) UnifiedPCWindowsWechat(0xf2541211) XWEB/16815 Flue"
33ef7c9b-1a21-4466-a65e-43379e794035,2025-11-10T14:15:37.473000,119.2.130.100,"Mozilla/5.0 (Linux; Android 14; 23046PNC9C Build/UP1A.231005.007; wv) AppleWebKit/537.36 (KHTML, like Gecko) Version/4.0 Chrome/138.0.7204.180 Mobile Safari/537.36 XWEB/1380283 MMWEBSDK/20250503 MMWEBID/5061 MicroMessenger/8.0.61.2880(0x28003D5B) WeChat/arm64 Weixin NetType/WIFI Language/zh_CN ABI/arm64"
51092f03-9cb0-4d58-9b49-1e69fe8fd4bd,2025-11-10T14:15:50.919632,119.2.130.100,"Mozilla/5.0 (iPhone; CPU iPhone OS 18_3_2 like Mac OS X) AppleWebKit/605.1.15 (KHTML, like Gecko) Mobile/15E148 MicroMessenger/8.0.64(0x18004034) NetType/WIFI Language/zh_CN"
cfc5d137-414a-4125-a987-668c78f5b096,2025-11-10T14:17:26.930105,116.30.151.85,"Mozilla/5.0 (iPhone; CPU iPhone OS 18_7 like Mac OS X) AppleWebKit/605.1.15 (KHTML, like Gecko) Mobile/15E148 MicroMessenger/8.0.64(0x18004034) NetType/WIFI Language/en"
243d3d47-216b-49f4-af17-d944cfb7744d,2025-11-10T14:23:26.890190,218.17.40.137,"Mozilla/5.0 (iPhone; CPU iPhone OS 18_7 like Mac OS X) AppleWebKit/605.1.15 (KHTML, like Gecko) Mobile/15E148 MicroMessenger/8.0.64(0x18004034) NetType/WIFI Language/zh_CN"
953aba74-d3d5-413f-a314-1eb0570f3754,2025-11-10T14:28:37.548864,113.84.137.153,"Mozilla/5.0 (Linux; Android 12; PFGM00 Build/SP1A.210812.016; wv) AppleWebKit/537.36 (KHTML, like Gecko) Version/4.0 Chrome/138.0.7204.180 Mobile Safari/537.36 XWEB/1380283 MMWEBSDK/20250802 MMWEBID/8382 MicroMessenger/8.0.62.2900(0x28003E5A) WeChat/arm64 Weixin NetType/4G Language/zh_CN ABI/arm64"
b59b452b-79bc-4b1c-838a-27e500d5d96b,2025-11-10T14:30:59.782141,119.2.130.100,"Mozilla/5.0 (iPhone; CPU iPhone OS 18_6 like Mac OS X) AppleWebKit/605.1.15 (KHTML, like Gecko) Mobile/15E148 MicroMessenger/8.0.61(0x18003d39) NetType/WIFI Language/zh_CN"
53fbd688-bc51-47ef-a35e-583586a0a889,2025-11-10T14:31:44.842757,120.229.205.251,"Mozilla/5.0 (Linux; Android 15; V2301A Build/AP3A.240905.015.A2; wv) AppleWebKit/537.36 (KHTML, like Gecko) Version/4.0 Chrome/138.0.7204.180 Mobile Safari/537.36 XWEB/1380283 MMWEBSDK/20250904 MMWEBID/628 MicroMessenger/8.0.64.2940(0x28004050) WeChat/arm64 Weixin NetType/WIFI Language/zh_CN ABI/arm64"
5faece92-7093-461e-8b59-87786cd56e3c,2025-11-10T14:37:24.947530,120.229.45.190,"Mozilla/5.0 (Linux; Android 12; ABR-AL80 Build/HUAWEIABR-AL80; wv) AppleWebKit/537.36 (KHTML, like Gecko) Version/4.0 Chrome/138.0.7204.180 Mobile Safari/537.36 XWEB/1380283 MMWEBSDK/20250904 MMWEBID/8282 MicroMessenger/8.0.64.2940(0x28004050) WeChat/arm64 Weixin NetType/WIFI Language/zh_CN ABI/arm64"
2ccd846f-7c1a-44ef-baa2-751651ee8f95,2025-11-10T14:37:41.674439,120.229.163.89,"Mozilla/5.0 (Linux; Android 12; BON-AL00 Build/HUAWEIBON-AL00; wv) AppleWebKit/537.36 (KHTML, like Gecko) Version/4.0 Chrome/138.0.7204.180 Mobile Safari/537.36 XWEB/1380283 MMWEBSDK/20250904 MMWEBID/7461 MicroMessenger/8.0.64.2940(0x28004050) WeChat/arm64 Weixin NetType/WIFI Language/zh_CN ABI/arm64"
7a95126b-07a4-4746-91d4-36176c0e235c,2025-11-10T14:40:47.536388,218.18.128.98,"Mozilla/5.0 (iPhone; CPU iPhone OS 18_7 like Mac OS X) AppleWebKit/605.1.15 (KHTML, like Gecko) Mobile/15E148 MicroMessenger/8.0.61(0x18003d39) NetType/WIFI Language/zh_CN"
d55687c2-4c8a-4795-97b7-86a17b015948,2025-11-10T14:40:50.841310,27.40.78.99,"Mozilla/5.0 (Linux; Android 15; 2407FRK8EC Build/AP3A.240617.008; wv) AppleWebKit/537.36 (KHTML, like Gecko) Version/4.0 Chrome/142.0.7444.48 Mobile Safari/537.36 XWEB/1420009 MMWEBSDK/20250904 MMWEBID/2966 MicroMessenger/8.0.64.2940(0x28004085) WeChat/arm64 Weixin NetType/WIFI Language/zh_CN ABI/arm64"
9e68ad0d-4ef0-4773-9795-ac2040ff5a7f,2025-11-10T14:41:25.254072,27.40.78.99,"Mozilla/5.0 (Linux; Android 15; 2407FRK8EC Build/AP3A.240617.008; wv) AppleWebKit/537.36 (KHTML, like Gecko) Version/4.0 Chrome/142.0.7444.48 Mobile Safari/537.36 XWEB/1420009 MMWEBSDK/20250904 MMWEBID/2966 MicroMessenger/8.0.64.2940(0x28004085) WeChat/arm64 Weixin NetType/WIFI Language/zh_CN ABI/arm64"
b0d6debd-1e20-4c9e-95ff-e10a2183c732,2025-11-10T14:50:18.305449,183.218.213.237,"Mozilla/5.0 (Windows NT 10.0; Win64; x64) AppleWebKit/537.36 (KHTML, like Gecko) QQEX/9.9.23-41857 Chrome/138.0.7204.35  Safari/537.36 OS/win32,x64 QQAppId/537320161 QQEXBrowser/1.0.0.0 QQWebContentView/1.0.0.0"
b879c3ac-c7cc-40ee-8c91-806765d59ddc,2025-11-10T15:02:56.132798,119.133.7.79,"Mozilla/5.0 (Windows NT 10.0; Win64; x64) AppleWebKit/537.36 (KHTML, like Gecko) Chrome/142.0.0.0 Safari/537.36 Edg/142.0.0.0"
2beb8cbd-c654-4487-a146-13b657891114,2025-11-10T15:12:30.882241,183.42.134.68,"Mozilla/5.0 (Linux; Android 10; V1963A Build/QP1A.190711.020; wv) AppleWebKit/537.36 (KHTML, like Gecko) Version/4.0 Chrome/138.0.7204.180 Mobile Safari/537.36 XWEB/1380283 MMWEBSDK/20250904 MMWEBID/4395 MicroMessenger/8.0.64.2940(0x28004050) WeChat/arm64 Weixin NetType/5G Language/zh_CN ABI/arm64"
db049459-c6fa-4ee9-a540-4a57f9141cc5,2025-11-10T15:14:36.239788,113.84.130.168,"Mozilla/5.0 (iPhone; CPU iPhone OS 18_7 like Mac OS X) AppleWebKit/605.1.15 (KHTML, like Gecko) Version/26.0.1 Mobile/15E148 Safari/604.1"
27da7f47-5a74-4f94-b428-8ca9501b66fb,2025-11-10T15:39:36.019432,113.84.3.117,"Mozilla/5.0 (Linux; Android 12; ANG-AN00 Build/HUAWEIANG-AN00; wv) AppleWebKit/537.36 (KHTML, like Gecko) Version/4.0 Chrome/138.0.7204.180 Mobile Safari/537.36 XWEB/1380283 MMWEBSDK/20250804 MMWEBID/4164 MicroMessenger/8.0.63.2920(0x28003F3C) WeChat/arm64 Weixin NetType/4G Language/zh_CN ABI/arm64"
97214507-4ab2-4340-9ed4-531c7a47878c,2025-11-10T15:41:25.915557,113.84.3.117,"Mozilla/5.0 (Linux; Android 12; ANG-AN00 Build/HUAWEIANG-AN00; wv) AppleWebKit/537.36 (KHTML, like Gecko) Version/4.0 Chrome/138.0.7204.180 Mobile Safari/537.36 XWEB/1380283 MMWEBSDK/20250804 MMWEBID/4164 MicroMessenger/8.0.63.2920(0x28003F3C) WeChat/arm64 Weixin NetType/4G Language/zh_CN ABI/arm64"
068d72a7-c450-49be-bca3-2055bbf9b9b6,2025-11-10T15:42:00.065300,113.84.3.117,"Mozilla/5.0 (Linux; Android 12; ANG-AN00 Build/HUAWEIANG-AN00; wv) AppleWebKit/537.36 (KHTML, like Gecko) Version/4.0 Chrome/138.0.7204.180 Mobile Safari/537.36 XWEB/1380283 MMWEBSDK/20250804 MMWEBID/4164 MicroMessenger/8.0.63.2920(0x28003F3C) WeChat/arm64 Weixin NetType/4G Language/zh_CN ABI/arm64"
19d33048-438f-49ff-9344-573c24ec495d,2025-11-10T15:50:29.481253,113.84.3.117,"Mozilla/5.0 (Linux; Android 12; ANG-AN00 Build/HUAWEIANG-AN00; wv) AppleWebKit/537.36 (KHTML, like Gecko) Version/4.0 Chrome/138.0.7204.180 Mobile Safari/537.36 XWEB/1380283 MMWEBSDK/20250804 MMWEBID/4164 MicroMessenger/8.0.63.2920(0x28003F3C) WeChat/arm64 Weixin NetType/4G Language/zh_CN ABI/arm64"
87a17308-d8b2-4aef-ae19-5de29c00932f,2025-11-10T16:41:43.801890,183.42.134.68,"Mozilla/5.0 (Linux; Android 10; V1963A Build/QP1A.190711.020; wv) AppleWebKit/537.36 (KHTML, like Gecko) Version/4.0 Chrome/138.0.7204.180 Mobile Safari/537.36 XWEB/1380283 MMWEBSDK/20250904 MMWEBID/4395 MicroMessenger/8.0.64.2940(0x28004050) WeChat/arm64 Weixin NetType/5G Language/zh_CN ABI/arm64"
afdf7a64-0e49-4b5c-85f8-d962b6589416,2025-11-10T16:55:27.430873,113.84.3.117,"Mozilla/5.0 (Linux; Android 12; ANG-AN00 Build/HUAWEIANG-AN00; wv) AppleWebKit/537.36 (KHTML, like Gecko) Version/4.0 Chrome/138.0.7204.180 Mobile Safari/537.36 XWEB/1380283 MMWEBSDK/20250804 MMWEBID/4164 MicroMessenger/8.0.63.2920(0x28003F3C) WeChat/arm64 Weixin NetType/5G Language/zh_CN ABI/arm64"
19d230c0-b90e-4f03-88fc-2418f420aabe,2025-11-10T16:57:47.821843,113.84.3.117,"Mozilla/5.0 (Linux; Android 12; ANG-AN00 Build/HUAWEIANG-AN00; wv) AppleWebKit/537.36 (KHTML, like Gecko) Version/4.0 Chrome/138.0.7204.180 Mobile Safari/537.36 XWEB/1380283 MMWEBSDK/20250804 MMWEBID/4164 MicroMessenger/8.0.63.2920(0x28003F3C) WeChat/arm64 Weixin NetType/5G Language/zh_CN ABI/arm64"
d1b44572-9e1e-44ff-944c-0bb2439642a7,2025-11-10T17:04:23.976802,113.84.3.117,"Mozilla/5.0 (Linux; Android 12; ANG-AN00 Build/HUAWEIANG-AN00; wv) AppleWebKit/537.36 (KHTML, like Gecko) Version/4.0 Chrome/138.0.7204.180 Mobile Safari/537.36 XWEB/1380283 MMWEBSDK/20250804 MMWEBID/4164 MicroMessenger/8.0.63.2920(0x28003F3C) WeChat/arm64 Weixin NetType/5G Language/zh_CN ABI/arm64"
311c83df-55e5-47c1-a778-87b975e7e95a,2025-11-10T17:09:39.583476,218.17.207.13,"Mozilla/5.0 (Macintosh; Intel Mac OS X 10_15_7) AppleWebKit/605.1.15 (KHTML, like Gecko) Version/26.1 Safari/605.1.15"
78eac8c4-4f09-43b9-ab01-e83c1ba18d94,2025-11-11T00:43:53.665398,113.84.130.168,"Mozilla/5.0 (iPhone; CPU iPhone OS 18_7 like Mac OS X) AppleWebKit/605.1.15 (KHTML, like Gecko) Version/26.0.1 Mobile/15E148 Safari/604.1"
42af0dfa-ee9b-4e1e-8fb3-028b649909ef,2025-11-11T01:02:08.656053,210.39.1.226,"Mozilla/5.0 (Windows NT 10.0; Win64; x64) AppleWebKit/537.36 (KHTML, like Gecko) Chrome/141.0.0.0 Safari/537.36 Edg/141.0.0.0"
928c191e-2ccb-40d7-9fc7-055dc9eea98e,2025-11-11T01:02:44.839754,183.8.131.199,"Mozilla/5.0 (Linux; Android 12; FOA-AL00 Build/HUAWEIFOA-AL00; wv) AppleWebKit/537.36 (KHTML, like Gecko) Version/4.0 Chrome/138.0.7204.180 Mobile Safari/537.36 XWEB/1380283 MMWEBSDK/20250904 MMWEBID/6121 MicroMessenger/8.0.64.2940(0x28004050) WeChat/arm64 Weixin NetType/4G Language/zh_CN ABI/arm64"
1175f83f-8398-4bcb-9c92-2920bd4ee607,2025-11-11T01:05:36.109940,171.218.221.173,"Mozilla/5.0 (Linux; Android 13; V2278A Build/TP1A.220624.014; wv) AppleWebKit/537.36 (KHTML, like Gecko) Version/4.0 Chrome/138.0.7204.180 Mobile Safari/537.36 XWEB/1380283 MMWEBSDK/20250804 MMWEBID/9162 MicroMessenger/8.0.63.2920(0x28003F3C) WeChat/arm64 Weixin NetType/4G Language/zh_CN ABI/arm64"
48f1c7dd-6153-490e-a1b4-c5533c864f38,2025-11-11T01:05:36.390173,210.39.1.157,"Mozilla/5.0 (Windows NT 10.0; Win64; x64) AppleWebKit/537.36 (KHTML, like Gecko) Chrome/132.0.0.0 Safari/537.36 NetType/WIFI MicroMessenger/7.0.20.1781(0x6700143B) WindowsWechat(0x63090a13) UnifiedPCWindowsWechat(0xf2541211) XWEB/16815 Flue"
7f58ae96-331a-49ca-9c7e-b1d70fb1d7bf,2025-11-11T01:05:45.551941,210.39.1.245,"Mozilla/5.0 (Windows NT 10.0; Win64; x64) AppleWebKit/537.36 (KHTML, like Gecko) QQEX/9.9.22-40990 Chrome/132.0.6834.83  Safari/537.36 OS/win32,x64 QQAppId/537319855 QQEXBrowser/1.0.0.0"
35a2bf5e-18c9-4f45-995d-414d6b9dbe06,2025-11-11T01:09:26.972204,210.39.1.157,"Mozilla/5.0 (Windows NT 10.0; Win64; x64) AppleWebKit/537.36 (KHTML, like Gecko) Chrome/142.0.0.0 Safari/537.36 Edg/142.0.0.0"
45b8a5d2-1767-4180-a722-7e461b2883be,2025-11-11T01:10:11.469922,183.8.131.199,"Mozilla/5.0 (Linux; Android 12; FOA-AL00 Build/HUAWEIFOA-AL00; wv) AppleWebKit/537.36 (KHTML, like Gecko) Version/4.0 Chrome/138.0.7204.180 Mobile Safari/537.36 XWEB/1380283 MMWEBSDK/20250904 MMWEBID/6121 MicroMessenger/8.0.64.2940(0x28004050) WeChat/arm64 Weixin NetType/4G Language/zh_CN ABI/arm64"
f3705a9d-0406-4daa-add0-b2a88231a41e,2025-11-11T01:11:37.155854,210.39.1.57,"Mozilla/5.0 (Windows NT 10.0; Win64; x64) AppleWebKit/537.36 (KHTML, like Gecko) Chrome/132.0.0.0 Safari/537.36 NetType/WIFI MicroMessenger/7.0.20.1781(0x6700143B) WindowsWechat(0x63090a13) UnifiedPCWindowsWechat(0xf2541211) XWEB/16815 Flue"
e0ceb030-ec0e-4b36-828d-e9bb29c96479,2025-11-11T01:12:10.961159,210.39.1.157,"Mozilla/5.0 (Windows NT 10.0; Win64; x64) AppleWebKit/537.36 (KHTML, like Gecko) Chrome/142.0.0.0 Safari/537.36 Edg/142.0.0.0"
938d3332-a0d7-4ec7-86e2-9f1673895e50,2025-11-11T01:21:36.259271,121.32.254.148,"Mozilla/5.0 (iPhone; CPU iPhone OS 18_7 like Mac OS X) AppleWebKit/605.1.15 (KHTML, like Gecko) Mobile/15E148 MicroMessenger/8.0.61(0x18003d39) NetType/WIFI Language/zh_CN"
7a90b68b-e373-42b7-a81a-fc4cceffb3c8,2025-11-11T01:29:07.523746,223.74.34.62,"Mozilla/5.0 (Linux; U; Android 15; zh-cn; PLA110 Build/UKQ1.231108.001) AppleWebKit/537.36 (KHTML, like Gecko) Version/4.0 Chrome/115.0.5790.168 Mobile Safari/537.36 HeyTapBrowser/40.10.5.1"
a2404856-fc51-4b3d-a8f6-b3d8bec7e40f,2025-11-11T01:34:47.662794,223.104.68.100,"Mozilla/5.0 (Linux; Android 12; HBN-AL00 Build/HUAWEIHBN-AL00; wv) AppleWebKit/537.36 (KHTML, like Gecko) Version/4.0 Chrome/114.0.5735.196 Mobile Safari/537.36"
3e1a4160-8184-4b3a-ad8b-8a63dd65b787,2025-11-11T01:35:34.506835,223.104.68.100,"Mozilla/5.0 (Linux; Android 12; HBN-AL00 Build/HUAWEIHBN-AL00; wv) AppleWebKit/537.36 (KHTML, like Gecko) Version/4.0 Chrome/114.0.5735.196 Mobile Safari/537.36"
3358f18e-b10d-4728-83c5-7b8ce47d08b5,2025-11-11T01:55:11.601805,112.97.84.162,"Mozilla/5.0 (Linux; Android 10; K) AppleWebKit/537.36 (KHTML, like Gecko) SamsungBrowser/28.0 Chrome/130.0.0.0 Mobile Safari/537.36"
363a954f-9700-46ba-bbd8-b17cf9a22a7d,2025-11-11T02:01:12.525294,113.84.192.43,"Mozilla/5.0 (Linux; Android 12; ANG-AN00 Build/HUAWEIANG-AN00; wv) AppleWebKit/537.36 (KHTML, like Gecko) Version/4.0 Chrome/138.0.7204.180 Mobile Safari/537.36 XWEB/1380283 MMWEBSDK/20250804 MMWEBID/4164 MicroMessenger/8.0.63.2920(0x28003F3C) WeChat/arm64 Weixin NetType/5G Language/zh_CN ABI/arm64"
edb7fd13-7b44-42fa-b28d-ac50e058fc50,2025-11-11T02:04:23.200399,113.84.192.43,"Mozilla/5.0 (Linux; Android 12; ANG-AN00 Build/HUAWEIANG-AN00; wv) AppleWebKit/537.36 (KHTML, like Gecko) Version/4.0 Chrome/138.0.7204.180 Mobile Safari/537.36 XWEB/1380283 MMWEBSDK/20250804 MMWEBID/4164 MicroMessenger/8.0.63.2920(0x28003F3C) WeChat/arm64 Weixin NetType/5G Language/zh_CN ABI/arm64"
7694cb13-764b-4d5e-86a5-d5074239ae6c,2025-11-11T02:07:14.712232,210.39.1.86,"Mozilla/5.0 (Windows NT 10.0; Win64; x64) AppleWebKit/537.36 (KHTML, like Gecko) Chrome/132.0.0.0 Safari/537.36 NetType/WIFI MicroMessenger/7.0.20.1781(0x6700143B) WindowsWechat(0x63090a13) UnifiedPCWindowsWechat(0xf2541211) XWEB/16815 Flue"
e3f4d67f-54e5-4fef-bfe8-3fff88b12664,2025-11-11T02:47:33.892013,210.39.1.86,"Mozilla/5.0 (Windows NT 10.0; Win64; x64) AppleWebKit/537.36 (KHTML, like Gecko) Chrome/132.0.0.0 Safari/537.36 NetType/WIFI MicroMessenger/7.0.20.1781(0x6700143B) WindowsWechat(0x63090a13) UnifiedPCWindowsWechat(0xf2541211) XWEB/16815 Flue"
3bbb6dc7-ad50-443b-aa62-af337de7d32c,2025-11-11T02:58:58.864536,210.39.1.86,"Mozilla/5.0 (Windows NT 10.0; Win64; x64) AppleWebKit/537.36 (KHTML, like Gecko) Chrome/132.0.0.0 Safari/537.36 NetType/WIFI MicroMessenger/7.0.20.1781(0x6700143B) WindowsWechat(0x63090a13) UnifiedPCWindowsWechat(0xf2541211) XWEB/16815 Flue"
c33de071-e5b2-4712-a34c-9137d33797e4,2025-11-11T03:14:43.685184,210.39.1.86,"Mozilla/5.0 (Windows NT 10.0; Win64; x64) AppleWebKit/537.36 (KHTML, like Gecko) Chrome/132.0.0.0 Safari/537.36 NetType/WIFI MicroMessenger/7.0.20.1781(0x6700143B) WindowsWechat(0x63090a13) UnifiedPCWindowsWechat(0xf2541211) XWEB/16815 Flue"
4668026c-d7f8-4daf-a479-3fdc850d2115,2025-11-11T03:22:51.052976,210.39.1.86,"Mozilla/5.0 (Windows NT 10.0; Win64; x64) AppleWebKit/537.36 (KHTML, like Gecko) Chrome/132.0.0.0 Safari/537.36 NetType/WIFI MicroMessenger/7.0.20.1781(0x6700143B) WindowsWechat(0x63090a13) UnifiedPCWindowsWechat(0xf2541211) XWEB/16815 Flue"
9d0364af-36e7-47de-8197-9666a330672c,2025-11-11T04:37:48.189679,210.39.1.86,"Mozilla/5.0 (Windows NT 10.0; Win64; x64) AppleWebKit/537.36 (KHTML, like Gecko) Chrome/132.0.0.0 Safari/537.36 NetType/WIFI MicroMessenger/7.0.20.1781(0x6700143B) WindowsWechat(0x63090a13) UnifiedPCWindowsWechat(0xf2541211) XWEB/16815 Flue"
3f91e340-8e36-4acf-a5e1-95890da02a37,2025-11-11T04:48:52.845321,210.39.1.86,"Mozilla/5.0 (Windows NT 10.0; Win64; x64) AppleWebKit/537.36 (KHTML, like Gecko) Chrome/132.0.0.0 Safari/537.36 NetType/WIFI MicroMessenger/7.0.20.1781(0x6700143B) WindowsWechat(0x63090a13) UnifiedPCWindowsWechat(0xf2541211) XWEB/16815 Flue"
0c271eec-a4b5-4c88-be9e-d24e13fd74f6,2025-11-11T05:20:28.195738,210.39.1.86,"Mozilla/5.0 (Windows NT 10.0; Win64; x64) AppleWebKit/537.36 (KHTML, like Gecko) Chrome/132.0.0.0 Safari/537.36 NetType/WIFI MicroMessenger/7.0.20.1781(0x6700143B) WindowsWechat(0x63090a13) UnifiedPCWindowsWechat(0xf2541211) XWEB/16815 Flue"
716be74d-4fc9-4336-a4a6-15abd2dbb310,2025-11-11T05:45:51.764336,210.39.1.86,"Mozilla/5.0 (Windows NT 10.0; Win64; x64) AppleWebKit/537.36 (KHTML, like Gecko) Chrome/132.0.0.0 Safari/537.36 NetType/WIFI MicroMessenger/7.0.20.1781(0x6700143B) WindowsWechat(0x63090a13) UnifiedPCWindowsWechat(0xf2541211) XWEB/16815 Flue"
e8cf3f95-5d1c-462b-b50a-7994155894d1,2025-11-11T06:18:28.613726,223.104.68.190,"Mozilla/5.0 (Linux; Android 12; HarmonyOS; HBN-AL00; HMSCore 6.15.4.312) AppleWebKit/537.36 (KHTML, like Gecko) Chrome/114.0.5735.196 HuaweiBrowser/16.0.9.302 Mobile Safari/537.36"
1bf13436-bb59-4dc0-b046-12a0a87bca57,2025-11-11T06:18:53.992661,223.104.86.93,"Mozilla/5.0 (Linux; Android 10; K) AppleWebKit/537.36 (KHTML, like Gecko) Chrome/141.0.0.0 Mobile Safari/537.36"
d25181b2-96ed-4499-b7b6-283fa5942929,2025-11-11T06:47:34.233917,122.96.32.0,"Mozilla/5.0 (Macintosh; Intel Mac OS X 10_15_7) AppleWebKit/537.36 (KHTML, like Gecko) Chrome/132.0.0.0 Safari/537.36 NetType/WIFI MicroMessenger/7.0.20.1781(0x6700143B) MacWechat/3.8.7(0x13080712) UnifiedPCMacWechat(0xf26412f0) XWEB/16816 Flue"
b8b12ab1-4c7b-4e18-96e8-17adb020a8b8,2025-11-11T07:19:00.098650,223.104.79.80,"Mozilla/5.0 (iPhone; CPU iPhone OS 18_5 like Mac OS X) AppleWebKit/605.1.15 (KHTML, like Gecko) Version/18.5 Mobile/15E148 Safari/604.1"
f6ed5d0a-7c2e-484a-8c80-dfb97a58582b,2025-11-11T07:19:53.145472,113.84.129.246,"Mozilla/5.0 (Linux; Android 15; 23116PN5BC Build/AQ3A.240627.003; wv) AppleWebKit/537.36 (KHTML, like Gecko) Version/4.0 Chrome/97.0.4692.98 Mobile Safari/537.36 T7/15.34 SP-engine/3.53.0 bd_dvt/0 baiduboxapp/15.34.0.10 (Baidu; P1 15) NABar/1.0"
c482c6fb-9a72-427a-a91b-5371d0b50734,2025-11-11T07:42:07.898087,113.84.208.69,"Mozilla/5.0 (Linux; Android 12; PFGM00 Build/SP1A.210812.016; wv) AppleWebKit/537.36 (KHTML, like Gecko) Version/4.0 Chrome/138.0.7204.180 Mobile Safari/537.36 XWEB/1380283 MMWEBSDK/20250802 MMWEBID/8382 MicroMessenger/8.0.62.2900(0x28003E5A) WeChat/arm64 Weixin NetType/5G Language/zh_CN ABI/arm64"
02454ca8-180d-4e34-9efe-297f8b72f619,2025-11-11T07:44:03.934018,210.39.1.226,"Mozilla/5.0 (Windows NT 10.0; Win64; x64) AppleWebKit/537.36 (KHTML, like Gecko) Chrome/141.0.0.0 Safari/537.36 Edg/141.0.0.0"
c19d26a5-af1a-4c04-aeb2-43d246120f6b,2025-11-11T07:44:36.086544,210.39.1.18,"Mozilla/5.0 (Windows NT 10.0; Win64; x64) AppleWebKit/537.36 (KHTML, like Gecko) Chrome/141.0.0.0 Safari/537.36 Edg/141.0.0.0"
1ebc70aa-e454-4024-ba40-31eb14f94b8d,2025-11-11T07:53:58.917326,210.39.1.18,"Mozilla/5.0 (Windows NT 10.0; Win64; x64) AppleWebKit/537.36 (KHTML, like Gecko) Chrome/141.0.0.0 Safari/537.36 Edg/141.0.0.0"
6b95ec82-77cc-4a8f-965d-ee2ad0f22e46,2025-11-11T07:58:24.516844,210.39.1.18,"Mozilla/5.0 (Windows NT 10.0; Win64; x64) AppleWebKit/537.36 (KHTML, like Gecko) Chrome/141.0.0.0 Safari/537.36 Edg/141.0.0.0"
a87c42d5-f0ff-4215-8269-2fa49374f6f8,2025-11-11T08:04:01.010357,210.39.1.18,"Mozilla/5.0 (Windows NT 10.0; Win64; x64) AppleWebKit/537.36 (KHTML, like Gecko) Chrome/141.0.0.0 Safari/537.36 Edg/141.0.0.0"
25adbfbe-b743-4e64-8f52-8d5b495c89d2,2025-11-11T08:04:41.097454,14.116.140.36,"Mozilla/5.0 (Windows; U; Windows NT 5.2;. en-US) AppleWebKit/537.36 (KHTML, like Gecko) Chrome/123.0.6312.80 Safari/537.36 Quark/10.0.3.953"
a6a61320-6739-4198-a29c-fecc1156315c,2025-11-11T08:04:41.134865,112.97.46.88,"Mozilla/5.0 (Windows; U; Windows NT 5.2;. en-US) AppleWebKit/537.36 (KHTML, like Gecko) Chrome/123.0.6312.80 Safari/537.36 Quark/10.0.3.953"
a81c851a-0d90-4a27-acb9-b2ced65b7fff,2025-11-11T08:08:14.960411,210.39.1.18,"Mozilla/5.0 (Windows NT 10.0; Win64; x64) AppleWebKit/537.36 (KHTML, like Gecko) Chrome/141.0.0.0 Safari/537.36 Edg/141.0.0.0"
06b663a6-14c2-4d68-9c6f-69250d20834f,2025-11-11T08:11:18.144033,210.39.1.18,"Mozilla/5.0 (Windows NT 10.0; Win64; x64) AppleWebKit/537.36 (KHTML, like Gecko) Chrome/141.0.0.0 Safari/537.36 Edg/141.0.0.0"
cd0e84c0-38a1-453b-96f2-2356502e42c5,2025-11-11T08:17:53.098563,210.39.1.18,"Mozilla/5.0 (Windows NT 10.0; Win64; x64) AppleWebKit/537.36 (KHTML, like Gecko) Chrome/141.0.0.0 Safari/537.36 Edg/141.0.0.0"
cd1cfce7-93b8-4c4f-bb40-17aff5127575,2025-11-11T08:19:53.683822,210.39.1.86,"Mozilla/5.0 (Linux; Android 12; PFGM00 Build/SP1A.210812.016; wv) AppleWebKit/537.36 (KHTML, like Gecko) Version/4.0 Chrome/138.0.7204.180 Mobile Safari/537.36 XWEB/1380283 MMWEBSDK/20250802 MMWEBID/8382 MicroMessenger/8.0.62.2900(0x28003E5A) WeChat/arm64 Weixin NetType/WIFI Language/zh_CN ABI/arm64"
c661fbbe-b4fc-4456-ad51-709c1767f0ea,2025-11-11T08:31:26.327394,210.39.1.18,"Mozilla/5.0 (Windows NT 10.0; Win64; x64) AppleWebKit/537.36 (KHTML, like Gecko) Chrome/141.0.0.0 Safari/537.36 Edg/141.0.0.0"
10955a8f-c517-468a-b8eb-1e9cd024af34,2025-11-11T08:31:28.551117,210.39.1.86,"Mozilla/5.0 (Linux; Android 12; PFGM00 Build/SP1A.210812.016; wv) AppleWebKit/537.36 (KHTML, like Gecko) Version/4.0 Chrome/138.0.7204.180 Mobile Safari/537.36 XWEB/1380283 MMWEBSDK/20250802 MMWEBID/8382 MicroMessenger/8.0.62.2900(0x28003E5A) WeChat/arm64 Weixin NetType/WIFI Language/zh_CN ABI/arm64"
4827aff2-adbc-42f0-b0da-18e48f85aa22,2025-11-11T08:33:52.010429,210.39.1.86,"Mozilla/5.0 (iPhone; CPU iPhone OS 18_7 like Mac OS X) AppleWebKit/605.1.15 (KHTML, like Gecko) Version/26.0.1 Mobile/15E148 Safari/604.1"
477e7384-b42c-421f-b961-492ef823d909,2025-11-11T08:38:38.538782,210.39.1.86,"Mozilla/5.0 (Linux; Android 12; PFGM00 Build/SP1A.210812.016; wv) AppleWebKit/537.36 (KHTML, like Gecko) Version/4.0 Chrome/138.0.7204.180 Mobile Safari/537.36 XWEB/1380283 MMWEBSDK/20250802 MMWEBID/8382 MicroMessenger/8.0.62.2900(0x28003E5A) WeChat/arm64 Weixin NetType/WIFI Language/zh_CN ABI/arm64"
9c347d42-7b23-44f5-ac70-5d65b865d20c,2025-11-11T08:40:38.590688,210.39.1.86,"Mozilla/5.0 (Linux; Android 12; PFGM00 Build/SP1A.210812.016; wv) AppleWebKit/537.36 (KHTML, like Gecko) Version/4.0 Chrome/138.0.7204.180 Mobile Safari/537.36 XWEB/1380283 MMWEBSDK/20250802 MMWEBID/8382 MicroMessenger/8.0.62.2900(0x28003E5A) WeChat/arm64 Weixin NetType/WIFI Language/zh_CN ABI/arm64"
fe988f3d-aa79-4bf7-a714-9d3b743c3e23,2025-11-11T08:42:22.928528,210.39.1.86,"Mozilla/5.0 (Linux; Android 12; PFGM00 Build/SP1A.210812.016; wv) AppleWebKit/537.36 (KHTML, like Gecko) Version/4.0 Chrome/138.0.7204.180 Mobile Safari/537.36 XWEB/1380283 MMWEBSDK/20250802 MMWEBID/8382 MicroMessenger/8.0.62.2900(0x28003E5A) WeChat/arm64 Weixin NetType/WIFI Language/zh_CN ABI/arm64"
b728d989-1f7a-4c97-ba44-6bfb3395b3fb,2025-11-11T08:44:27.822650,210.39.1.86,"Mozilla/5.0 (Linux; Android 12; PFGM00 Build/SP1A.210812.016; wv) AppleWebKit/537.36 (KHTML, like Gecko) Version/4.0 Chrome/138.0.7204.180 Mobile Safari/537.36 XWEB/1380283 MMWEBSDK/20250802 MMWEBID/8382 MicroMessenger/8.0.62.2900(0x28003E5A) WeChat/arm64 Weixin NetType/WIFI Language/zh_CN ABI/arm64"
2d1f6282-8f50-4e51-84c4-72d2accc8d43,2025-11-11T08:50:57.375910,210.39.1.86,"Mozilla/5.0 (Linux; Android 12; PFGM00 Build/SP1A.210812.016; wv) AppleWebKit/537.36 (KHTML, like Gecko) Version/4.0 Chrome/138.0.7204.180 Mobile Safari/537.36 XWEB/1380283 MMWEBSDK/20250802 MMWEBID/8382 MicroMessenger/8.0.62.2900(0x28003E5A) WeChat/arm64 Weixin NetType/WIFI Language/zh_CN ABI/arm64"
a69362d4-e72c-4690-8684-8f470b41f04f,2025-11-11T08:52:56.170872,210.39.1.86,"Mozilla/5.0 (Linux; Android 12; PFGM00 Build/SP1A.210812.016; wv) AppleWebKit/537.36 (KHTML, like Gecko) Version/4.0 Chrome/138.0.7204.180 Mobile Safari/537.36 XWEB/1380283 MMWEBSDK/20250802 MMWEBID/8382 MicroMessenger/8.0.62.2900(0x28003E5A) WeChat/arm64 Weixin NetType/WIFI Language/zh_CN ABI/arm64"
4e3ca7d8-a9e9-484b-926d-f4c66fc815aa,2025-11-11T08:55:00.668343,210.39.1.86,"Mozilla/5.0 (Linux; Android 12; PFGM00 Build/SP1A.210812.016; wv) AppleWebKit/537.36 (KHTML, like Gecko) Version/4.0 Chrome/138.0.7204.180 Mobile Safari/537.36 XWEB/1380283 MMWEBSDK/20250802 MMWEBID/8382 MicroMessenger/8.0.62.2900(0x28003E5A) WeChat/arm64 Weixin NetType/WIFI Language/zh_CN ABI/arm64"
83ddeb77-6f88-41ec-aff7-4fda6b646b5e,2025-11-11T08:58:04.165085,210.39.1.86,"Mozilla/5.0 (Linux; Android 12; PFGM00 Build/SP1A.210812.016; wv) AppleWebKit/537.36 (KHTML, like Gecko) Version/4.0 Chrome/138.0.7204.180 Mobile Safari/537.36 XWEB/1380283 MMWEBSDK/20250802 MMWEBID/8382 MicroMessenger/8.0.62.2900(0x28003E5A) WeChat/arm64 Weixin NetType/WIFI Language/zh_CN ABI/arm64"
b28b31ab-85e7-4aea-9244-a6b59d09f20f,2025-11-11T09:00:32.492023,210.39.1.86,"Mozilla/5.0 (Linux; Android 12; PFGM00 Build/SP1A.210812.016; wv) AppleWebKit/537.36 (KHTML, like Gecko) Version/4.0 Chrome/138.0.7204.180 Mobile Safari/537.36 XWEB/1380283 MMWEBSDK/20250802 MMWEBID/8382 MicroMessenger/8.0.62.2900(0x28003E5A) WeChat/arm64 Weixin NetType/WIFI Language/zh_CN ABI/arm64"
